<?xml version="1.0" encoding="utf-8" ?>
<?xml-stylesheet type="text/css" href="Program5.css" ?>

<student_information>
	<h1> STUDENTS DESCRIPTION </h1>

	<student>
	<USN>USN : 1CE17CS136</USN>
	<name>NAME : Thanushree B M </name>
	<college>COLLEGE : CEC</college>
	<branch>BRANCH : Computer Science and Engineering</branch>
	<year>YEAR : 2021</year>
	<email>email : thanushreebm@gmail.com</email>
	</student>

	<student>
	<USN>USN : 1CE17CS137</USN>
	<name>NAME : Thejas</name>
	<college>COLLEGE : CEC</college>
	<branch>BRANCH : Computer Science and Engineering</branch>
	<year>YEAR : 2021</year>
	<email>email : thejas@gmail.com</email>
	</student>

	<student>
	<USN>USN : 1CE17CS138</USN>
	<name>NAME : Thejeshwari s </name>
	<college>COLLEGE : CEC</college>
	<branch>BRANCH : Computer Science and Engineering	</branch>
	<year>YEAR : 2021</year>
	<email>email : thejeshwari@gmail.com</email>
	</student>
	
</student_information>